Messages,Date
Transaction of $55.00 at Presto Canada,12-02-2024
Transaction of $27.56 at FreshCO,13-02-2024
Transaction of $45.32 at Dhaba Junction on this date,14-02-2024
Transaction of $22.88 at Walmart,15-02-2024
Transaction of $45.00 at Presto Canada,16-02-2024
Transaction of $48.59 at FreshCO,17-02-2024
Transaction of $55.18 at Dhaba Junction,18-02-2024
Transaction of $45.69 at Walmart,19-02-2024
Transaction of $60.00 at Presto Canada,20-02-2024
Transaction of $12.99 at FreshCO,21-02-2024
Transaction of $38.35 at Dhaba Junction,22-02-2024
Transaction of $36.15 at Walmart,23-02-2024
Transaction of $120.00 at Presto,24-02-2024
Transaction of $5.45 at Walmart,25-02-2024
Transaction of $75.12 at Dhaba Junction,26-02-2024
Transaction of $75.69 at FreshCO,27-02-2024
Transaction of $55.00 at Presto Canada,01-01-2023
Transaction of $27.56 at FreshCO,02-01-2023
Transaction of $45.32 at Dhaba Junction,03-01-2023
Transaction of $22.88 at Walmart,04-01-2023
Transaction of $45.00 at Presto Canada,05-01-2023
Transaction of $48.59 at FreshCO,06-01-2023
Transaction of $55.18 at Dhaba Junction,07-01-2023
Transaction of $45.69 at Walmart,08-01-2023
Transaction of $60.00 at Presto Canada,09-01-2023
Transaction of $12.99 at FreshCO,10-01-2023
Transaction of $38.35 at Dhaba Junction,11-01-2023
Transaction of $36.15 at Walmart,12-01-2023
Transaction of $120.00 at Presto,13-01-2023
Transaction of $5.45 at Walmart,14-01-2023
Transaction of $75.12 at Dhaba Junction,15-01-2023
Transaction of $75.69 at FreshCO,16-01-2023
Transaction of $55.00 at Presto Canada,15-03-2023
Transaction of $27.56 at FreshCO,16-03-2023
Transaction of $45.32 at Dhaba Junction,17-03-2023
Transaction of $22.88 at Walmart,18-03-2023
Transaction of $45.00 at Presto Canada,19-03-2023
Transaction of $48.59 at FreshCO,20-03-2023
Transaction of $55.18 at Dhaba Junction,21-03-2023
Transaction of $45.69 at Walmart,22-03-2023
Transaction of $60.00 at Presto Canada,23-03-2023
Transaction of $12.99 at FreshCO,24-03-2023
Transaction of $38.35 at Dhaba Junction,25-03-2023
Transaction of $36.15 at Walmart,26-03-2023
Transaction of $120.00 at Presto,27-03-2023
Transaction of $5.45 at Walmart,28-03-2023
Transaction of $75.12 at Dhaba Junction,29-03-2023
Transaction of $75.69 at FreshCO,30-03-2023
Transaction of $55.00 at Presto Canada,31-03-2023
Transaction of $27.56 at FreshCO,01-04-2023
Transaction of $45.32 at Dhaba Junction,02-04-2023
Transaction of $22.88 at Walmart,03-04-2023
Transaction of $45.00 at Presto Canada,04-04-2023
Transaction of $48.59 at FreshCO,05-04-2023
Transaction of $55.18 at Dhaba Junction,06-04-2023
Transaction of $45.69 at Walmart,07-04-2023
Transaction of $60.00 at Presto Canada,08-04-2023
Transaction of $12.99 at FreshCO,09-04-2023
Transaction of $38.35 at Dhaba Junction,10-04-2023
Transaction of $36.15 at Walmart,11-04-2023
Transaction of $120.00 at Presto,12-04-2023
Transaction of $5.45 at Walmart,13-04-2023
Transaction of $75.12 at Dhaba Junction,14-04-2023
Transaction of $75.69 at FreshCO,15-04-2023
Transaction of $55.00 at Presto Canada,16-04-2023
Transaction of $27.56 at FreshCO,17-04-2023
Transaction of $45.32 at Dhaba Junction,18-04-2023
Transaction of $22.88 at Walmart,19-04-2023
Transaction of $45.00 at Presto Canada,20-04-2023
Transaction of $48.59 at FreshCO,21-04-2023
Transaction of $55.18 at Dhaba Junction,22-04-2023
Transaction of $45.69 at Walmart,23-04-2023
Transaction of $60.00 at Presto Canada,24-04-2023
Transaction of $12.99 at FreshCO,25-04-2023
Transaction of $38.35 at Dhaba Junction,26-04-2023
Transaction of $36.15 at Walmart,27-04-2023
Transaction of $120.00 at Presto,28-04-2023
Transaction of $5.45 at Walmart,29-04-2023
Transaction of $75.12 at Dhaba Junction,30-04-2023
Transaction of $75.69 at FreshCO,01-05-2023
Transaction of $55.00 at Presto Canada,02-05-2023
Transaction of $27.56 at FreshCO,03-05-2023
Transaction of $45.32 at Dhaba Junction,04-05-2023
Transaction of $22.88 at Walmart,05-05-2023
Transaction of $45.00 at Presto Canada,06-05-2023
Transaction of $48.59 at FreshCO,07-05-2023
Transaction of $55.18 at Dhaba Junction,08-05-2023
Transaction of $45.69 at Walmart,09-05-2023
Transaction of $60.00 at Presto Canada,10-05-2023
Transaction of $12.99 at FreshCO,11-05-2023
Transaction of $38.35 at Dhaba Junction,12-05-2023
Transaction of $36.15 at Walmart,13-05-2023
Transaction of $120.00 at Presto,14-05-2023
Transaction of $5.45 at Walmart,15-05-2023
Transaction of $75.12 at Dhaba Junction,16-05-2023
Transaction of $75.69 at FreshCO,17-05-2023
Transaction of $55.00 at Presto Canada,18-05-2023
Transaction of $27.56 at FreshCO,19-05-2023
Transaction of $45.32 at Dhaba Junction,20-05-2023
Transaction of $22.88 at Walmart,21-05-2023
Transaction of $45.00 at Presto Canada,22-05-2023
Transaction of $48.59 at FreshCO,23-05-2023
Transaction of $55.18 at Dhaba Junction,24-05-2023
Transaction of $45.69 at Walmart,25-05-2023
Transaction of $60.00 at Presto Canada,26-05-2023
Transaction of $12.99 at FreshCO,27-05-2023
Transaction of $38.35 at Dhaba Junction,28-05-2023
Transaction of $36.15 at Walmart,29-05-2023
Transaction of $120.00 at Presto,30-05-2023
Transaction of $5.45 at Walmart,31-05-2023
Transaction of $75.12 at Dhaba Junction,01-06-2023
Transaction of $75.69 at FreshCO,02-06-2023
Transaction of $55.00 at Presto Canada,03-06-2023
Transaction of $27.56 at FreshCO,04-06-2023
Transaction of $45.32 at Dhaba Junction,05-06-2023
Transaction of $22.88 at Walmart,06-06-2023
Transaction of $45.00 at Presto Canada,07-06-2023
Transaction of $48.59 at FreshCO,08-06-2023
Transaction of $55.18 at Dhaba Junction,09-06-2023
Transaction of $45.69 at Walmart,10-06-2023
Transaction of $60.00 at Presto Canada,11-06-2023
Transaction of $12.99 at FreshCO,12-06-2023
Transaction of $38.35 at Dhaba Junction,13-06-2023
Transaction of $36.15 at Walmart,14-06-2023
Transaction of $120.00 at Presto,15-06-2023
Transaction of $5.45 at Walmart,16-06-2023
Transaction of $75.12 at Dhaba Junction,17-06-2023
Transaction of $75.69 at FreshCO,18-06-2023
